<application>
  <component name="FileTypeManager" version="18">
    <extensionMap>
      <mapping pattern="11" type="AUTO_DETECTED" />
      <mapping pattern="qnn-net-run" type="AUTO_DETECTED" />
      <mapping pattern="qnn-context-binary-generator" type="AUTO_DETECTED" />
      <mapping pattern="qnn-onnx-converter" type="AUTO_DETECTED" />
      <mapping pattern="whitelist" type="AUTO_DETECTED" />
      <mapping pattern="tts_text" type="AUTO_DETECTED" />
      <mapping pattern="nlu_white_list.txt" type="AUTO_DETECTED" />
      <mapping pattern="keystore" type="PLAIN_TEXT" />
      <mapping pattern="term" type="PLAIN_TEXT" />
      <mapping ext="textgrid" type="PLAIN_TEXT" />
      <mapping ext="mp3" type="PLAIN_TEXT" />
      <mapping ext="cmvn" type="PLAIN_TEXT" />
      <mapping ext="raw" type="PLAIN_TEXT" />
      <mapping ext="jsonl_bak" type="PLAIN_TEXT" />
      <mapping ext="dat" type="PLAIN_TEXT" />
      <mapping ext="csv" type="PLAIN_TEXT" />
      <mapping ext="jks" type="PLAIN_TEXT" />
      <mapping ext="wav" type="PLAIN_TEXT" />
      <mapping ext="res" type="PLAIN_TEXT" />
      <mapping ext="dict" type="PLAIN_TEXT" />
      <removed_mapping ext="apk" approved="true" type="ARCHIVE" />
      <removed_mapping ext="psd" approved="true" type="Image" />
      <removed_mapping ext="sql" approved="true" type="SQLite" />
      <removed_mapping pattern="11" approved="true" type="PLAIN_TEXT" />
      <removed_mapping pattern="aa" approved="true" type="PLAIN_TEXT" />
      <removed_mapping pattern="aa.sh" approved="true" type="PLAIN_TEXT" />
      <removed_mapping pattern="readme" approved="true" type="PLAIN_TEXT" />
      <mapping ext="db" type="SQLite" />
      <mapping ext="fnc" type="DBN-PSQL" />
      <mapping ext="gradle.kts" type="Kotlin" />
      <mapping ext="main.kts" type="Kotlin" />
      <mapping ext="pkb" type="DBN-PSQL" />
      <mapping ext="pkg" type="DBN-PSQL" />
      <mapping ext="pks" type="DBN-PSQL" />
      <mapping ext="prc" type="DBN-PSQL" />
      <mapping ext="tpb" type="DBN-PSQL" />
      <mapping ext="tpe" type="DBN-PSQL" />
      <mapping ext="tps" type="DBN-PSQL" />
      <mapping ext="trg" type="DBN-PSQL" />
      <mapping ext="vw" type="DBN-SQL" />
    </extensionMap>
  </component>
</application>