<application>
  <component name="GeneralSettings">
    <option name="confirmOpenNewProject2" value="0" />
    <option name="processCloseConfirmation" value="TERMINATE" />
    <option name="searchInBackground" value="true" />
    <option name="showTipsOnStartup" value="false" />
  </component>
  <component name="Registry">
    <entry key="analyze.exceptions.on.the.fly" value="true" />
    <entry key="debugger.showTypes" value="false" />
    <entry key="external.system.auto.import.disabled" value="true" />
    <entry key="ide.instant.shutdown" value="false" />
    <entry key="ide.images.show.chessboard" value="true" />
  </component>
</application>