<keymap version="1" name="Eclipse copy" parent="Eclipse">
  <action id="$Copy">
    <keyboard-shortcut first-keystroke="meta c" />
  </action>
  <action id="$Cut">
    <keyboard-shortcut first-keystroke="ctrl x" />
    <keyboard-shortcut first-keystroke="meta x" />
  </action>
  <action id="$Paste">
    <keyboard-shortcut first-keystroke="meta v" />
  </action>
  <action id="CIDR.Lang.Cpp.GenerateDefinitions" />
  <action id="DBNavigator.Actions.Navigation.GotoDatabaseObject" />
  <action id="Diff.ShowSettingsPopup" />
  <action id="Editor Copy">
    <keyboard-shortcut first-keystroke="meta c" />
  </action>
  <action id="Editor Cut">
    <keyboard-shortcut first-keystroke="meta x" />
  </action>
  <action id="Editor Paste">
    <keyboard-shortcut first-keystroke="meta v" />
  </action>
  <action id="EditorPaste" />
  <action id="EditorPasteSimple">
    <keyboard-shortcut first-keystroke="shift ctrl alt v" />
    <keyboard-shortcut first-keystroke="meta v" />
  </action>
  <action id="FixDocComment">
    <keyboard-shortcut first-keystroke="shift ctrl d" />
    <keyboard-shortcut first-keystroke="ctrl alt j" />
  </action>
  <action id="HippieCompletion" />
  <action id="PreviousProjectWindow">
    <keyboard-shortcut first-keystroke="ctrl alt open_bracket" />
    <keyboard-shortcut first-keystroke="meta back_quote" />
  </action>
  <action id="SmartTypeCompletion">
    <keyboard-shortcut first-keystroke="shift alt space" />
    <keyboard-shortcut first-keystroke="alt slash" />
  </action>
  <action id="SurroundWithLiveTemplate" />
  <action id="Terminal.CopySelectedText" />
  <action id="Terminal.Paste">
    <keyboard-shortcut first-keystroke="meta v" />
  </action>
  <action id="android.deploy.ApplyChanges">
    <keyboard-shortcut first-keystroke="ctrl meta r" />
  </action>
  <action id="android.deploy.CodeSwap">
    <keyboard-shortcut first-keystroke="shift ctrl meta r" />
  </action>
</keymap>