<profile version="1.0">
  <option name="myName" value="Default" />
  <inspection_tool class="PyPep8Inspection" enabled="true" level="WEAK WARNING" enabled_by_default="true">
    <option name="ignoredErrors">
      <list>
        <option value="E722" />
      </list>
    </option>
  </inspection_tool>
  <inspection_tool class="PyPep8NamingInspection" enabled="true" level="WEAK WARNING" enabled_by_default="true">
    <option name="ignoredErrors">
      <list>
        <option value="N806" />
        <option value="N801" />
        <option value="N802" />
        <option value="N803" />
      </list>
    </option>
    <option name="ignoredBaseClasses">
      <list>
        <option value="unittest.TestCase" />
        <option value="unittest.case.TestCase" />
        <option value="object" />
      </list>
    </option>
  </inspection_tool>
</profile>